,T - S6,RH - S6,WS - S6,WD - S6
,mean,mean,mean,mean
Date,,,,
2017-05-30 01:00:00,-1.295,99.125,2.385,230.91500000000002
2017-05-30 02:00:00,-1.81,98.235,2.015,216.97500000000002
2017-05-30 03:00:00,-2.035,99.595,2.48,255.68
2017-05-30 04:00:00,-2.6550000000000002,99.815,1.7800000000000002,270.765
2017-05-30 05:00:00,-2.87,99.515,0.7,237.39499999999998
2017-05-30 06:00:00,-2.9,99.055,1.06,255.5
2017-05-30 07:00:00,-3.275,98.745,2.035,251.485
2017-05-30 08:00:00,-3.645,98.53999999999999,2.885,265.27
2017-05-30 09:00:00,-3.355,97.83500000000001,1.5550000000000002,264.945
2017-05-30 10:00:00,-2.4850000000000003,96.935,0.94,243.075
2017-05-30 11:00:00,-0.54,92.87,0.545,196.135
2017-05-30 12:00:00,-0.25999999999999995,85.825,0.51,100.8
2017-05-30 13:00:00,3.065,70.775,0.295,145.47
2017-05-30 14:00:00,0.365,80.26,1.365,182.245
2017-05-30 15:00:00,1.95,72.17500000000001,0.8200000000000001,179.935
2017-05-30 16:00:00,2.485,67.645,0.32499999999999996,43.279999999999994
2017-05-30 17:00:00,3.025,66.15,0.13999999999999999,113.455
2017-05-30 18:00:00,3.48,63.735,0.055,132.695
2017-05-30 19:00:00,1.8599999999999999,71.55000000000001,0.28,88.445
2017-05-30 20:00:00,0.7749999999999999,77.405,0.755,41.2
2017-05-30 21:00:00,-0.51,83.625,1.105,57.195
2017-05-30 22:00:00,1.15,72.77000000000001,0.29000000000000004,68.905
2017-05-30 23:00:00,1.63,68.475,0.055,84.765
2017-05-31 00:00:00,-2.945,82.61500000000001,1.15,116.09
2017-05-31 01:00:00,-4.2,83.465,2.085,126.95500000000001
2017-05-31 02:00:00,-6.765,85.255,2.9699999999999998,147.06
2017-05-31 03:00:00,-7.585,85.255,3.6399999999999997,156.115
2017-05-31 04:00:00,-7.34,81.22,5.055,151.75
2017-05-31 05:00:00,-7.02,80.19,5.1850000000000005,170.17000000000002
2017-05-31 06:00:00,-7.53,81.85499999999999,5.35,166.02499999999998
2017-05-31 07:00:00,-7.215,82.75,6.035,171.2
2017-05-31 08:00:00,-5.59,78.72999999999999,6.779999999999999,183.91000000000003
2017-05-31 09:00:00,-4.795,76.055,6.27,177.76999999999998
2017-05-31 10:00:00,-3.48,73.505,6.625,188.82999999999998
2017-05-31 11:00:00,-2.705,74.965,5.640000000000001,179.1
2017-05-31 12:00:00,-1.2650000000000001,74.765,4.755000000000001,175.04
2017-05-31 13:00:00,-0.49,75.475,5.32,174.39
2017-05-31 14:00:00,0.095,75.345,5.26,176.475
2017-05-31 15:00:00,0.71,75.775,4.4399999999999995,169.23
2017-05-31 16:00:00,1.195,78.125,4.08,168.69
2017-05-31 17:00:00,1.115,81.5,3.275,158.89
2017-05-31 18:00:00,1.135,81.97999999999999,3.33,158.07
2017-05-31 19:00:00,1.63,79.995,2.915,172.1
2017-05-31 20:00:00,1.4100000000000001,80.955,2.705,173.03
2017-05-31 21:00:00,0.97,80.275,2.885,175.805
2017-05-31 22:00:00,-0.38,84.805,3.3,167.635
2017-05-31 23:00:00,-1.56,86.13,3.775,170.07
2017-06-01 00:00:00,-2.6950000000000003,87.045,4.22,167.89999999999998
2017-06-01 01:00:00,-3.3200000000000003,86.55,5.135,162.965
2017-06-01 02:00:00,-4.074999999999999,85.91499999999999,5.42,165.115
2017-06-01 03:00:00,-4.505,84.57,5.51,165.555
2017-06-01 04:00:00,-5.04,82.975,5.904999999999999,163.09
2017-06-01 05:00:00,-5.199999999999999,79.97,6.9350000000000005,163.375
2017-06-01 06:00:00,-5.255000000000001,79.005,6.38,166.595
2017-06-01 07:00:00,-5.32,78.875,6.415,167.41500000000002
2017-06-01 08:00:00,-5.165,79.87,6.035,167.01
2017-06-01 09:00:00,-4.16,79.525,5.57,166.725
2017-06-01 10:00:00,-3.295,77.3,6.445,170.45
2017-06-01 11:00:00,-2.135,74.465,6.4399999999999995,182.47
2017-06-01 12:00:00,-1.16,74.15,6.2,185.61
2017-06-01 13:00:00,-0.355,74.14,5.51,188.47500000000002
2017-06-01 14:00:00,0.355,75.08000000000001,4.49,187.965
2017-06-01 15:00:00,0.6799999999999999,75.975,4.07,180.43
2017-06-01 16:00:00,1.4,75.46000000000001,3.24,185.245
2017-06-01 17:00:00,1.7799999999999998,75.015,2.135,179.055
2017-06-01 18:00:00,1.4700000000000002,79.415,1.685,142.915
2017-06-01 19:00:00,1.11,81.28,1.77,136.09
2017-06-01 20:00:00,0.9049999999999999,80.685,1.835,120.555
2017-06-01 21:00:00,-0.19,84.895,2.4050000000000002,109.575
2017-06-01 22:00:00,-1.03,85.84,2.83,120.405
2017-06-01 23:00:00,-2.13,88.38499999999999,2.735,130.715
2017-06-02 00:00:00,-3.37,88.53999999999999,2.8600000000000003,132.05
2017-06-02 01:00:00,-4.14,86.875,3.11,142.26
2017-06-02 02:00:00,-4.26,83.72999999999999,3.8899999999999997,146.89
2017-06-02 03:00:00,-5.145,83.785,4.17,154.82999999999998
2017-06-02 04:00:00,-6.484999999999999,85.77000000000001,4.705,159.095
2017-06-02 05:00:00,-6.965,84.27000000000001,5.205,153.55
2017-06-02 06:00:00,-6.99,81.055,5.835,158.29500000000002
2017-06-02 07:00:00,-6.93,79.035,5.640000000000001,158.06
2017-06-02 08:00:00,-6.6850000000000005,78.035,5.975,150.935
2017-06-02 09:00:00,-6.205,77.42,6.9,150.64499999999998
2017-06-02 10:00:00,-5.42,77.11,7.18,154.01999999999998
2017-06-02 11:00:00,-3.95,76.86500000000001,6.085,157.405
2017-06-02 12:00:00,-2.07,76.80000000000001,4.654999999999999,165.36
2017-06-02 13:00:00,-0.9400000000000001,77.0,5.025,163.18
2017-06-02 14:00:00,-0.25,75.29499999999999,5.625,165.935
2017-06-02 15:00:00,0.46499999999999997,76.925,5.395,168.05
2017-06-02 16:00:00,0.9949999999999999,77.9,5.255,168.075
2017-06-02 17:00:00,1.635,77.325,4.52,179.51
2017-06-02 18:00:00,2.14,77.80000000000001,2.38,196.64
2017-06-02 19:00:00,1.385,82.935,3.22,163.335
2017-06-02 20:00:00,1.3399999999999999,81.57499999999999,4.16,172.015
2017-06-02 21:00:00,0.5800000000000001,83.25999999999999,4.325,171.625
2017-06-02 22:00:00,0.0,83.27,4.75,175.56
2017-06-02 23:00:00,-0.07,77.345,5.109999999999999,189.29000000000002
2017-06-03 00:00:00,-1.235,81.015,4.755000000000001,178.31
2017-06-03 01:00:00,-3.06,85.92,4.4,162.47
2017-06-03 02:00:00,-4.1450000000000005,86.8,5.045,164.45
2017-06-03 03:00:00,-4.76,86.62,4.77,160.5
2017-06-03 04:00:00,-5.005,85.715,5.43,157.74
2017-06-03 05:00:00,-4.815,83.36500000000001,5.38,153.495
2017-06-03 06:00:00,-5.234999999999999,83.27000000000001,5.68,154.135
2017-06-03 07:00:00,-5.045,81.995,6.425,156.235
2017-06-03 08:00:00,-4.5600000000000005,81.86,6.495,158.97
2017-06-03 09:00:00,-3.89,82.66,5.82,157.985
2017-06-03 10:00:00,-2.5700000000000003,81.32,5.8100000000000005,161.60500000000002
2017-06-03 11:00:00,-1.365,82.375,4.9399999999999995,164.04
2017-06-03 12:00:00,0.010000000000000009,80.22999999999999,4.505,170.07
2017-06-03 13:00:00,0.5900000000000001,79.86,4.619999999999999,170.86
2017-06-03 14:00:00,1.05,80.35499999999999,4.51,174.65
2017-06-03 15:00:00,1.63,80.14,3.865,175.95999999999998
2017-06-03 16:00:00,2.05,79.17,3.3200000000000003,175.7
2017-06-03 17:00:00,2.215,78.68,3.18,177.07999999999998
2017-06-03 18:00:00,1.5,85.205,2.525,150.815
2017-06-03 19:00:00,1.125,88.15,3.245,150.64
2017-06-03 20:00:00,1.245,86.675,3.6,155.70499999999998
2017-06-03 21:00:00,1.555,84.07,3.7350000000000003,168.325
2017-06-03 22:00:00,0.845,85.15,2.84,181.52499999999998
2017-06-03 23:00:00,1.025,81.185,1.3399999999999999,195.54500000000002
2017-06-04 00:00:00,-0.015,90.21000000000001,2.3049999999999997,163.175
2017-06-04 01:00:00,-0.28500000000000003,91.255,2.51,172.44
2017-06-04 02:00:00,-0.6,90.12,2.965,175.04500000000002
2017-06-04 03:00:00,-1.07,91.78,2.8499999999999996,163.79
2017-06-04 04:00:00,-0.795,90.15,4.135,164.03
2017-06-04 05:00:00,-0.97,89.03,3.415,170.155
2017-06-04 06:00:00,-0.395,87.375,3.33,171.22
2017-06-04 07:00:00,-0.24,86.495,3.965,174.39
2017-06-04 08:00:00,-0.36,87.9,5.56,167.385
2017-06-04 09:00:00,-0.63,87.66499999999999,7.215,167.925
2017-06-04 10:00:00,-1.4100000000000001,85.9,7.205,164.865
2017-06-04 11:00:00,-0.42500000000000004,83.515,6.375,166.85000000000002
2017-06-04 12:00:00,0.505,83.14500000000001,5.625,188.565
2017-06-04 13:00:00,1.05,83.62,5.535,201.54
2017-06-04 14:00:00,1.285,82.905,3.92,210.07
2017-06-04 15:00:00,1.2149999999999999,84.805,2.735,229.625
2017-06-04 16:00:00,2.315,82.10499999999999,1.4899999999999998,232.04500000000002
2017-06-04 17:00:00,4.5,70.06,0.38,121.16
2017-06-04 18:00:00,4.045,71.28,1.105,170.175
2017-06-04 19:00:00,2.42,80.39,1.21,168.24
2017-06-04 20:00:00,2.325,81.985,1.4,171.535
2017-06-04 21:00:00,0.6900000000000001,87.93,1.565,163.63
2017-06-04 22:00:00,-0.365,90.6,2.63,182.42000000000002
2017-06-04 23:00:00,-0.735,91.705,2.6950000000000003,185.33499999999998
2017-06-05 00:00:00,-0.525,90.325,3.305,192.65
2017-06-05 01:00:00,-2.26,92.435,3.3449999999999998,177.605
2017-06-05 02:00:00,-3.075,92.375,3.4450000000000003,193.09
2017-06-05 03:00:00,-3.715,93.3,3.835,180.665
2017-06-05 04:00:00,-4.550000000000001,92.755,4.215,168.70999999999998
2017-06-05 05:00:00,-4.655,91.01,4.54,170.475
2017-06-05 06:00:00,-4.775,90.055,3.6900000000000004,165.64999999999998
2017-06-05 07:00:00,-3.7649999999999997,88.61500000000001,3.56,169.66
2017-06-05 08:00:00,-2.935,87.245,4.175,167.38
2017-06-05 09:00:00,-2.32,87.81,5.415,149.20999999999998
2017-06-05 10:00:00,-1.665,85.625,5.73,143.35500000000002
2017-06-05 11:00:00,-0.43,85.155,4.0649999999999995,160.2
2017-06-05 12:00:00,0.265,84.84,4.135,156.41
2017-06-05 13:00:00,0.9550000000000001,84.39,3.895,164.41000000000003
2017-06-05 14:00:00,1.35,84.995,3.5700000000000003,165.235
2017-06-05 15:00:00,1.41,86.33,3.105,157.74
2017-06-05 16:00:00,1.71,85.225,2.865,160.95
2017-06-05 17:00:00,1.65,86.65,2.5549999999999997,156.645
2017-06-05 18:00:00,1.46,87.095,2.665,150.24
2017-06-05 19:00:00,1.63,85.185,2.585,160.74
2017-06-05 20:00:00,1.4300000000000002,85.805,2.5300000000000002,166.755
2017-06-05 21:00:00,0.53,88.215,2.535,160.495
2017-06-05 22:00:00,0.06,89.025,2.79,163.13
2017-06-05 23:00:00,-0.35,90.26,2.9450000000000003,161.73
2017-06-06 00:00:00,-2.2800000000000002,91.63,3.1550000000000002,164.075
2017-06-06 01:00:00,-3.02,93.12,3.6950000000000003,166.285
2017-06-06 02:00:00,-3.2649999999999997,93.39,3.66,164.735
2017-06-06 03:00:00,-3.535,93.175,4.109999999999999,164.825
2017-06-06 04:00:00,-2.215,92.505,4.1,164.735
2017-06-06 05:00:00,-1.895,92.08,4.045,169.79000000000002
2017-06-06 06:00:00,-2.24,92.12,4.7,164.2
2017-06-06 07:00:00,-2.43,91.065,5.58,164.45
2017-06-06 08:00:00,-2.0999999999999996,93.1,4.92,166.06
2017-06-06 09:00:00,-2.335,92.92,5.609999999999999,165.645
2017-06-06 10:00:00,-1.975,93.05,5.41,164.57999999999998
2017-06-06 11:00:00,-1.5899999999999999,90.765,5.925,164.86
2017-06-06 12:00:00,-1.3399999999999999,88.125,5.390000000000001,159.625
2017-06-06 13:00:00,-0.91,84.95,5.23,162.14
2017-06-06 14:00:00,-0.995,80.18,5.029999999999999,157.69
2017-06-06 15:00:00,-0.44,78.495,4.859999999999999,154.82999999999998
2017-06-06 16:00:00,0.52,78.35,4.8100000000000005,168.94
2017-06-06 17:00:00,0.91,80.245,2.9699999999999998,207.97
2017-06-06 18:00:00,1.2550000000000001,80.61,2.4450000000000003,210.79500000000002
2017-06-06 19:00:00,1.915,80.91,1.8399999999999999,177.065
2017-06-06 20:00:00,0.33999999999999997,88.27000000000001,2.375,154.2
2017-06-06 21:00:00,-0.16499999999999998,90.16,2.8449999999999998,149.525
2017-06-06 22:00:00,-0.6499999999999999,90.58,3.5149999999999997,156.52499999999998
2017-06-06 23:00:00,-0.96,90.08500000000001,3.63,162.555
2017-06-07 00:00:00,-2.21,91.9,3.6399999999999997,170.945
2017-06-07 01:00:00,-3.0999999999999996,91.98,3.9799999999999995,170.41
2017-06-07 02:00:00,-3.67,91.14,4.51,163.915
2017-06-07 03:00:00,-4.005,90.215,4.305,158.805
2017-06-07 04:00:00,-4.234999999999999,89.41,4.550000000000001,158.8
2017-06-07 05:00:00,-4.01,87.03999999999999,5.115,156.985
2017-06-07 06:00:00,-4.035,85.605,5.445,156.29000000000002
2017-06-07 07:00:00,-4.7,84.155,5.51,156.29000000000002
2017-06-07 08:00:00,-4.51,82.095,5.77,150.29
2017-06-07 09:00:00,-3.985,81.14,5.82,151.4
2017-06-07 10:00:00,-3.045,81.14,4.99,151.39999999999998
2017-06-07 11:00:00,-1.895,81.1,4.609999999999999,156.41
2017-06-07 12:00:00,-0.8300000000000001,80.04499999999999,4.835,155.59
2017-06-07 13:00:00,-0.065,79.985,4.585,166.72
2017-06-07 14:00:00,0.64,81.56,4.18,170.31
2017-06-07 15:00:00,1.055,80.87,4.1899999999999995,167.005
2017-06-07 16:00:00,1.2349999999999999,82.68,3.23,160.20499999999998
2017-06-07 17:00:00,1.73,82.99000000000001,2.3049999999999997,163.505
2017-06-07 18:00:00,1.0350000000000001,86.6,3.09,148.59
2017-06-07 19:00:00,0.8049999999999999,87.78,2.91,144.325
2017-06-07 20:00:00,0.455,87.135,2.8449999999999998,149.37
2017-06-07 21:00:00,0.07,87.07,3.195,155.3
2017-06-07 22:00:00,-0.905,88.84,2.705,160.375
2017-06-07 23:00:00,-1.71,89.07,3.16,160.575
2017-06-08 00:00:00,-2.87,89.43,3.735,160.33
2017-06-08 01:00:00,-3.475,89.345,3.8,159.385
2017-06-08 02:00:00,-4.165,90.83500000000001,3.61,155.245
2017-06-08 03:00:00,-5.05,93.445,3.5250000000000004,156.41000000000003
2017-06-08 04:00:00,-5.285,96.215,3.705,180.695
2017-06-08 05:00:00,-2.545,98.94,3.2750000000000004,191.425
2017-06-08 06:00:00,-1.51,95.875,2.59,190.92000000000002
2017-06-08 07:00:00,-2.915,92.695,3.25,172.58499999999998
2017-06-08 08:00:00,-2.8499999999999996,90.94999999999999,3.92,167.79000000000002
2017-06-08 09:00:00,-2.055,90.375,3.81,166.625
2017-06-08 10:00:00,-1.72,89.43,4.245,163.09
2017-06-08 11:00:00,-1.6,86.50999999999999,5.195,157.235
2017-06-08 12:00:00,-1.01,84.43,4.33,156.87
2017-06-08 13:00:00,-0.265,84.43,3.7649999999999997,162.43
2017-06-08 14:00:00,0.31,84.62,3.005,157.98000000000002
2017-06-08 15:00:00,1.145,82.265,2.465,164.895
2017-06-08 16:00:00,1.335,82.785,1.975,151.45
2017-06-08 17:00:00,1.115,84.83,2.255,150.29
2017-06-08 18:00:00,1.115,86.22999999999999,1.88,145.475
2017-06-08 19:00:00,0.895,87.65,1.855,140.89499999999998
2017-06-08 20:00:00,0.325,88.03,2.245,144.8
2017-06-08 21:00:00,-0.25,88.935,2.215,155.885
2017-06-08 22:00:00,-0.9950000000000001,89.11,2.4699999999999998,165.14499999999998
2017-06-08 23:00:00,-2.145,90.565,2.5,159.55
2017-06-09 00:00:00,-3.235,91.12,3.3899999999999997,163.785
2017-06-09 01:00:00,-4.1450000000000005,90.345,3.45,159.55
2017-06-09 02:00:00,-4.74,90.215,3.715,162.14
2017-06-09 03:00:00,-4.82,89.66499999999999,3.685,155.885
2017-06-09 04:00:00,-5.225,90.19,3.87,154.54500000000002
2017-06-09 05:00:00,-5.859999999999999,90.81,4.425,157.23000000000002
2017-06-09 06:00:00,-6.234999999999999,91.64500000000001,4.105,153.95499999999998
2017-06-09 07:00:00,-3.785,92.345,3.91,152.085
2017-06-09 08:00:00,-2.0,92.68,4.04,166.94
2017-06-09 09:00:00,-0.845,90.32499999999999,4.1850000000000005,176.86
2017-06-09 10:00:00,-0.33999999999999997,90.28,4.279999999999999,194.965
2017-06-09 11:00:00,-0.165,87.91999999999999,4.6850000000000005,203.82999999999998
2017-06-09 12:00:00,-0.105,85.285,4.92,206.45
2017-06-09 13:00:00,0.455,82.815,4.805,200.015
2017-06-09 14:00:00,1.2200000000000002,79.77,4.68,185.74
2017-06-09 15:00:00,1.8450000000000002,78.52,3.86,178.95999999999998
2017-06-09 16:00:00,1.885,78.215,4.12,180.51999999999998
2017-06-09 17:00:00,1.54,77.185,4.859999999999999,187.185
2017-06-09 18:00:00,1.4100000000000001,76.085,5.21,187.45499999999998
2017-06-09 19:00:00,1.12,78.20500000000001,4.43,172.42000000000002
2017-06-09 20:00:00,0.6599999999999999,81.655,3.96,166.22
2017-06-09 21:00:00,0.20500000000000002,82.525,4.01,163.665
2017-06-09 22:00:00,-0.575,82.355,4.1899999999999995,154.065
2017-06-09 23:00:00,-1.545,82.53,4.234999999999999,149.885
2017-06-10 00:00:00,-2.545,82.88499999999999,4.3100000000000005,147.89499999999998
2017-06-10 01:00:00,-3.24,81.64500000000001,5.415,154.14
2017-06-10 02:00:00,-4.234999999999999,83.53,5.725,163.755
2017-06-10 03:00:00,-5.175000000000001,85.785,5.484999999999999,161.485
2017-06-10 04:00:00,-5.155,84.845,5.53,162.81
2017-06-10 05:00:00,-4.1850000000000005,80.825,7.29,180.91000000000003
2017-06-10 06:00:00,-3.7,81.28999999999999,6.72,182.6
2017-06-10 07:00:00,-2.7750000000000004,81.015,6.88,179.22
2017-06-10 08:00:00,-3.045,80.845,6.57,167.62
2017-06-10 09:00:00,-2.925,80.595,7.42,160.99
2017-06-10 10:00:00,-2.52,80.86500000000001,7.455,156.935
2017-06-10 11:00:00,-1.775,77.98,7.785,163.75
2017-06-10 12:00:00,-0.9450000000000001,77.72999999999999,6.33,160.495
2017-06-10 13:00:00,-0.17,78.91999999999999,7.6,164.165
2017-06-10 14:00:00,0.51,79.77000000000001,6.655,159.79500000000002
2017-06-10 15:00:00,1.165,80.36500000000001,6.05,163.5
2017-06-10 16:00:00,1.55,79.0,5.08,153.84
2017-06-10 17:00:00,1.575,79.03,5.265000000000001,146.595
2017-06-10 18:00:00,1.955,78.0,6.495,166.055
2017-06-10 19:00:00,2.2350000000000003,78.32,7.315,184.3
2017-06-10 20:00:00,1.87,80.495,6.33,178.03
2017-06-10 21:00:00,1.88,78.52000000000001,6.300000000000001,176.6
2017-06-10 22:00:00,1.3900000000000001,83.295,5.595,157.425
2017-06-10 23:00:00,1.925,82.52,6.525,171.245
2017-06-11 00:00:00,1.94,81.87,6.640000000000001,175.82999999999998
2017-06-11 01:00:00,1.85,81.38499999999999,8.455,178.31
2017-06-11 02:00:00,1.7999999999999998,80.13,8.57,186.14499999999998
2017-06-11 03:00:00,1.71,79.57,6.699999999999999,183.135
2017-06-11 04:00:00,1.085,83.935,8.39,188.515
2017-06-11 05:00:00,1.075,87.58,8.1,191.82
2017-06-11 06:00:00,1.1,89.95500000000001,7.1899999999999995,189.95499999999998
2017-06-11 07:00:00,0.95,89.875,5.425000000000001,178.04500000000002
2017-06-11 08:00:00,1.225,89.28999999999999,6.525,185.75
2017-06-11 09:00:00,1.335,89.455,6.76,187.335
2017-06-11 10:00:00,1.35,89.53,7.015000000000001,196.785
2017-06-11 11:00:00,1.675,87.655,7.145,193.975
2017-06-11 12:00:00,1.96,86.505,6.52,187.835
2017-06-11 13:00:00,1.87,86.65,5.08,172.20999999999998
2017-06-11 14:00:00,2.3449999999999998,82.83,5.15,178.43
2017-06-11 15:00:00,2.2800000000000002,83.365,4.595,170.82999999999998
2017-06-11 16:00:00,2.41,82.56,5.915,183.53
2017-06-11 17:00:00,2.425,82.72999999999999,4.895,178.44
2017-06-11 18:00:00,2.13,84.305,5.515000000000001,176.095
2017-06-11 19:00:00,2.1550000000000002,84.56,5.795,185.595
2017-06-11 20:00:00,1.85,86.375,5.355,186.55
2017-06-11 21:00:00,1.455,88.81,4.5649999999999995,169.25
2017-06-11 22:00:00,1.3399999999999999,89.325,4.66,172.825
2017-06-11 23:00:00,1.135,90.41,3.89,162.06
2017-06-12 00:00:00,1.01,89.95500000000001,2.915,154.325
2017-06-12 01:00:00,0.39,90.22,2.7,144.87
2017-06-12 02:00:00,-0.045,89.21000000000001,2.79,137.21
2017-06-12 03:00:00,-0.215,89.765,3.1799999999999997,131.84
2017-06-12 04:00:00,-1.21,89.97999999999999,3.36,139.82
2017-06-12 05:00:00,-1.75,86.905,4.9399999999999995,146.95999999999998
2017-06-12 06:00:00,-1.9849999999999999,85.06,5.025,153.435
2017-06-12 07:00:00,-2.045,82.37,4.79,155.535
2017-06-12 08:00:00,-1.605,79.63499999999999,4.535,156.235
2017-06-12 09:00:00,-1.415,80.71000000000001,4.3149999999999995,152.445
2017-06-12 10:00:00,-0.5,77.465,4.805,156.7
2017-06-12 11:00:00,0.355,77.72,4.355,163.97000000000003
2017-06-12 12:00:00,0.98,77.555,3.84,164.165
2017-06-12 13:00:00,1.2349999999999999,78.935,3.535,160.49
2017-06-12 14:00:00,1.835,77.685,2.7750000000000004,165.85000000000002
2017-06-12 15:00:00,2.615,76.34,2.0949999999999998,171.96
2017-06-12 16:00:00,2.245,79.355,2.0549999999999997,156.065
2017-06-12 17:00:00,3.02,76.83500000000001,1.4449999999999998,137.72
2017-06-12 18:00:00,2.31,80.6,1.7149999999999999,120.315
2017-06-12 19:00:00,2.61,79.05,1.31,102.77000000000001
2017-06-12 20:00:00,1.6800000000000002,84.39,2.79,117.34
2017-06-12 21:00:00,1.245,86.595,2.46,130.125
2017-06-12 22:00:00,1.905,81.91499999999999,0.83,138.325
2017-06-12 23:00:00,1.375,80.69,1.225,147.26999999999998
2017-06-13 00:00:00,-1.04,88.245,1.96,133.315
2017-06-13 01:00:00,-1.81,89.045,1.4500000000000002,138.04
2017-06-13 02:00:00,-2.7,88.7,1.76,108.39500000000001
2017-06-13 03:00:00,-3.195,87.485,3.6550000000000002,106.6
2017-06-13 04:00:00,-3.855,88.535,2.865,143.345
2017-06-13 05:00:00,-3.825,86.745,3.0999999999999996,165.44
2017-06-13 06:00:00,-3.585,84.35,2.55,153.71499999999997
2017-06-13 07:00:00,-3.685,85.0,3.115,149.69
2017-06-13 08:00:00,-3.255,84.50999999999999,3.92,157.28
2017-06-13 09:00:00,-2.3150000000000004,83.49000000000001,4.205,157.4
2017-06-13 10:00:00,-1.18,82.775,3.9899999999999998,157.11
2017-06-13 11:00:00,-0.175,81.97,4.095,160.45499999999998
2017-06-13 12:00:00,0.63,79.565,3.925,167.8
2017-06-13 13:00:00,1.1600000000000001,80.725,3.6500000000000004,169.25
2017-06-13 14:00:00,1.435,81.955,3.135,164.825
2017-06-13 15:00:00,1.9,81.875,2.8449999999999998,168.64
2017-06-13 16:00:00,1.925,82.72999999999999,3.21,168.97
2017-06-13 17:00:00,2.1849999999999996,81.555,3.005,169.39999999999998
2017-06-13 18:00:00,2.2800000000000002,82.035,2.7249999999999996,168.58999999999997
2017-06-13 19:00:00,2.135,83.14500000000001,2.85,166.61
2017-06-13 20:00:00,1.72,84.42,2.73,161.575
2017-06-13 21:00:00,1.435,84.74000000000001,3.135,165.865
2017-06-13 22:00:00,1.225,85.095,5.37,168.995
2017-06-13 23:00:00,0.32499999999999996,86.46000000000001,4.89,169.12
2017-06-14 00:00:00,-0.37,86.765,5.345,170.985
2017-06-14 01:00:00,-1.19,87.935,5.275,167.41
2017-06-14 02:00:00,-1.3599999999999999,86.47999999999999,4.845,167.54500000000002
2017-06-14 03:00:00,-2.0149999999999997,85.97,4.445,159.95999999999998
2017-06-14 04:00:00,-2.025,85.075,5.05,163.09
2017-06-14 05:00:00,-2.0949999999999998,84.22,5.6850000000000005,163.625
2017-06-14 06:00:00,-2.045,81.92500000000001,6.635,164.16000000000003
2017-06-14 07:00:00,-1.99,80.275,6.449999999999999,165.24
2017-06-14 08:00:00,-1.675,80.11500000000001,6.975,161.69
2017-06-14 09:00:00,-1.345,79.775,7.27,157.11
2017-06-14 10:00:00,-0.985,81.125,7.25,155.13
2017-06-14 11:00:00,-0.155,80.055,6.465,157.95499999999998
2017-06-14 12:00:00,0.49,80.455,6.43,151.275
2017-06-14 13:00:00,1.2850000000000001,80.045,4.215,163.34
2017-06-14 14:00:00,1.5099999999999998,82.035,4.445,158.49
2017-06-14 15:00:00,1.665,83.325,4.234999999999999,151.445
2017-06-14 16:00:00,2.19,82.84,3.12,159.14
2017-06-14 17:00:00,2.21,83.65,3.08,151.66
2017-06-14 18:00:00,1.7149999999999999,86.39,3.9850000000000003,147.43
2017-06-14 19:00:00,1.88,85.97,3.8,158.82999999999998
2017-06-14 20:00:00,1.875,86.14,3.72,160.865
2017-06-14 21:00:00,1.445,87.65,4.949999999999999,157.11
2017-06-14 22:00:00,1.225,86.895,4.465,163.09
2017-06-14 23:00:00,0.615,88.05,4.835,161.155
2017-06-15 00:00:00,0.155,87.62,5.075,165.26999999999998
2017-06-15 01:00:00,-0.475,87.72,4.99,161.275
2017-06-15 02:00:00,-1.1600000000000001,87.905,5.3100000000000005,161.315
2017-06-15 03:00:00,-1.47,85.25,5.595000000000001,162.265
2017-06-15 04:00:00,-1.665,83.55000000000001,6.625,163.63
2017-06-15 05:00:00,-1.75,82.995,6.470000000000001,166.56
2017-06-15 06:00:00,-1.35,79.685,7.57,167.385
2017-06-15 07:00:00,-1.165,77.55,7.86,169.38
2017-06-15 08:00:00,-0.675,75.84,7.175,174.51999999999998
2017-06-15 09:00:00,-0.14,75.86500000000001,7.18,168.845
2017-06-15 10:00:00,0.63,76.115,7.365,173.08499999999998
2017-06-15 11:00:00,1.0699999999999998,77.175,7.055,172.145
2017-06-15 12:00:00,1.2349999999999999,79.86500000000001,6.904999999999999,163.75
2017-06-15 13:00:00,1.6800000000000002,80.38,6.199999999999999,166.85000000000002
2017-06-15 14:00:00,1.96,80.715,5.515000000000001,169.385
2017-06-15 15:00:00,2.14,80.945,5.195,165.49
2017-06-15 16:00:00,2.41,81.175,4.025,166.565
2017-06-15 17:00:00,2.355,82.27000000000001,4.470000000000001,167.93
2017-06-15 18:00:00,2.13,83.995,4.635,160.57999999999998
2017-06-15 19:00:00,2.2350000000000003,83.155,4.4,163.745
2017-06-15 20:00:00,1.995,84.85499999999999,4.475,162.635
2017-06-15 21:00:00,2.035,84.36,5.45,164.95
2017-06-15 22:00:00,1.65,85.63,5.035,168.715
2017-06-15 23:00:00,1.17,86.305,4.785,166.595
2017-06-16 00:00:00,0.39,87.91,4.965,162.015
2017-06-16 01:00:00,-0.51,89.03999999999999,4.71,160.57999999999998
2017-06-16 02:00:00,-0.885,88.485,5.0649999999999995,161.855
2017-06-16 03:00:00,-1.74,90.07,4.300000000000001,156.41
2017-06-16 04:00:00,-2.125,90.18,3.8,156.135
2017-06-16 05:00:00,-2.5,90.69,3.705,147.76
2017-06-16 06:00:00,-1.48,90.215,4.0649999999999995,151.39
2017-06-16 07:00:00,-0.20500000000000002,89.55,4.23,158.635
2017-06-16 08:00:00,0.06999999999999999,89.98,4.425,159.215
2017-06-16 09:00:00,0.595,87.33,5.21,170.84
2017-06-16 10:00:00,0.98,86.33500000000001,5.215,169.885
2017-06-16 11:00:00,1.275,87.65,4.43,165.74
2017-06-16 12:00:00,1.66,86.69999999999999,4.414999999999999,171.14499999999998
2017-06-16 13:00:00,2.095,84.525,4.665,184.03500000000003
2017-06-16 14:00:00,2.375,83.225,4.8149999999999995,181.69
2017-06-16 15:00:00,2.3200000000000003,84.11,4.65,174.51
2017-06-16 16:00:00,2.395,84.155,3.9800000000000004,170.45
2017-06-16 17:00:00,1.87,86.875,3.71,157.37
2017-06-16 18:00:00,1.72,87.98,3.895,160.04000000000002
2017-06-16 19:00:00,1.845,86.95,3.84,166.155
2017-06-16 20:00:00,1.53,89.695,3.56,162.23000000000002
2017-06-16 21:00:00,1.76,87.0,4.38,215.035
2017-06-16 22:00:00,1.33,89.60499999999999,2.985,227.79500000000002
2017-06-16 23:00:00,0.885,94.34,2.36,208.345
2017-06-17 00:00:00,0.11000000000000001,98.30000000000001,2.205,329.18
2017-06-17 01:00:00,-0.065,98.945,0.5800000000000001,34.959999999999994
2017-06-17 02:00:00,0.005,99.86500000000001,1.5150000000000001,228.32
2017-06-17 03:00:00,0.1,100.0,1.705,230.525
2017-06-17 04:00:00,0.21000000000000002,100.0,1.2149999999999999,201.48000000000002
2017-06-17 05:00:00,0.37,99.99000000000001,0.485,249.81
2017-06-17 06:00:00,0.32,99.985,0.1,272.815
2017-06-17 07:00:00,0.29000000000000004,99.83500000000001,0.79,67.455
2017-06-17 08:00:00,0.485,99.92,1.075,152.39499999999998
2017-06-17 09:00:00,0.515,99.405,1.55,212.55
2017-06-17 10:00:00,-0.019999999999999997,99.86,1.81,255.39
2017-06-17 11:00:00,-0.805,99.38,3.455,250.29500000000002
2017-06-17 12:00:00,-0.53,98.75,3.37,243.08999999999997
2017-06-17 13:00:00,-0.095,98.245,3.495,230.625
2017-06-17 14:00:00,-0.13,98.95500000000001,4.57,223.435
2017-06-17 15:00:00,-0.29500000000000004,99.08,5.575,221.405
2017-06-17 16:00:00,-0.5,99.13,5.5600000000000005,217.965
2017-06-17 17:00:00,-0.74,99.545,5.925000000000001,214.99
2017-06-17 18:00:00,-0.785,98.715,5.97,208.255
2017-06-17 19:00:00,-0.7050000000000001,96.91,6.375,215.465
2017-06-17 20:00:00,-0.79,97.155,6.859999999999999,214.92000000000002
2017-06-17 21:00:00,-0.825,97.795,6.53,206.925
2017-06-17 22:00:00,-0.915,95.28,6.85,195.675
2017-06-17 23:00:00,-0.885,94.755,7.26,201.66
2017-06-18 00:00:00,-0.95,94.44,7.515000000000001,203.82999999999998
2017-06-18 01:00:00,-1.12,93.82,7.135,200.04000000000002
2017-06-18 02:00:00,-1.97,94.03,6.655,195.67000000000002
2017-06-18 03:00:00,-1.9649999999999999,93.565,7.16,198.39499999999998
2017-06-18 04:00:00,-1.85,91.965,6.83,200.495
2017-06-18 05:00:00,-1.88,92.045,6.0600000000000005,203.35
2017-06-18 06:00:00,-2.065,89.38,6.4350000000000005,209.305
2017-06-18 07:00:00,-2.105,87.21000000000001,6.205,203.005
2017-06-18 08:00:00,-1.74,86.10499999999999,6.41,185.20499999999998
2017-06-18 09:00:00,-1.405,85.77000000000001,6.83,194.385
2017-06-18 10:00:00,-1.15,86.81,6.645,194.39499999999998
2017-06-18 11:00:00,-0.835,85.60499999999999,7.539999999999999,192.075
2017-06-18 12:00:00,-0.825,84.78,8.085,188.37
2017-06-18 13:00:00,-0.10499999999999998,83.06,7.58,195.71
2017-06-18 14:00:00,0.265,82.995,6.995,198.85000000000002
2017-06-18 15:00:00,0.695,82.03999999999999,6.835,194.575
2017-06-18 16:00:00,0.955,80.64,6.455,185.99
2017-06-18 17:00:00,1.05,79.85,6.1899999999999995,182.345
2017-06-18 18:00:00,0.94,81.66499999999999,5.785,172.27
2017-06-18 19:00:00,0.725,84.95500000000001,4.9,155.59
2017-06-18 20:00:00,0.97,84.38499999999999,4.885,154.95
2017-06-18 21:00:00,1.175,83.34,4.494999999999999,136.305
2017-06-18 22:00:00,0.925,87.11,3.7,150.505
2017-06-18 23:00:00,0.0049999999999999975,90.09,3.56,170.14499999999998
2017-06-19 00:00:00,-0.33,89.58500000000001,4.220000000000001,174.625
2017-06-19 01:00:00,-1.305,90.59,4.43,169.0
2017-06-19 02:00:00,-1.1600000000000001,86.69999999999999,5.385,164.985
2017-06-19 03:00:00,-1.165,84.85,5.965,166.975
2017-06-19 04:00:00,-1.5899999999999999,83.16,6.125,164.415
2017-06-19 05:00:00,-2.29,83.22999999999999,5.63,157.57
2017-06-19 06:00:00,-2.435,81.545,5.585000000000001,154.42
2017-06-19 07:00:00,-2.56,80.5,5.43,148.86
2017-06-19 08:00:00,-1.97,80.705,5.27,154.85
2017-06-19 09:00:00,-0.71,83.005,4.21,186.69
2017-06-19 10:00:00,-0.56,86.255,4.640000000000001,231.36
2017-06-19 11:00:00,-1.075,92.2,3.66,255.865
2017-06-19 12:00:00,-0.6950000000000001,97.61500000000001,1.51,255.675
2017-06-19 13:00:00,-0.62,97.13,2.635,247.52499999999998
2017-06-19 14:00:00,-0.36,97.00999999999999,2.48,254.14
2017-06-19 15:00:00,0.185,98.23,2.835,229.18
2017-06-19 16:00:00,0.11,97.175,3.065,213.005
2017-06-19 17:00:00,0.44999999999999996,96.14,2.955,211.48000000000002
2017-06-19 18:00:00,0.565,94.535,2.75,203.405
2017-06-19 19:00:00,1.57,90.94,1.275,170.085
2017-06-19 20:00:00,2.205,87.0,0.325,115.72999999999999
2017-06-19 21:00:00,1.2400000000000002,91.51,1.475,189.77499999999998
2017-06-19 22:00:00,0.04,97.075,1.755,2.995
2017-06-19 23:00:00,-0.45499999999999996,99.345,2.665,181.56
2017-06-20 00:00:00,-0.8200000000000001,100.0,2.505,3.79
2017-06-20 01:00:00,-1.0,100.0,2.1100000000000003,4.05
2017-06-20 02:00:00,-1.1749999999999998,100.0,2.37,181.04000000000002
2017-06-20 03:00:00,-1.06,100.0,1.9449999999999998,10.254999999999999
2017-06-20 04:00:00,-1.375,100.0,2.925,25.575000000000003
2017-06-20 05:00:00,-1.8399999999999999,95.96000000000001,1.725,64.255
2017-06-20 06:00:00,-2.13,88.77000000000001,1.34,99.135
2017-06-20 07:00:00,-2.065,89.245,2.485,35.955
2017-06-20 08:00:00,-3.225,89.33500000000001,3.505,46.16
2017-06-20 09:00:00,-3.2199999999999998,96.19999999999999,3.995,60.575
2017-06-20 10:00:00,-2.56,98.945,3.69,44.03
2017-06-20 11:00:00,-2.145,99.945,5.415,16.130000000000003
2017-06-20 12:00:00,-1.995,99.33,5.98,7.1899999999999995
2017-06-20 13:00:00,-2.325,98.79499999999999,5.095000000000001,6.3
2017-06-20 14:00:00,-2.115,98.10499999999999,4.32,13.23
2017-06-20 15:00:00,-1.815,95.45500000000001,3.73,10.275
2017-06-20 16:00:00,-1.9249999999999998,95.14,4.0,18.310000000000002
2017-06-20 17:00:00,-1.92,93.33,4.26,21.119999999999997
2017-06-20 18:00:00,-1.85,93.485,4.28,24.52
2017-06-20 19:00:00,-1.5750000000000002,92.97,4.145,28.08
2017-06-20 20:00:00,-1.68,94.565,4.505,24.685000000000002
2017-06-20 21:00:00,-1.63,94.595,4.4399999999999995,31.255000000000003
2017-06-20 22:00:00,-1.715,95.19,4.27,30.615
2017-06-20 23:00:00,-2.4450000000000003,96.43,3.885,47.165
2017-06-21 00:00:00,-3.0549999999999997,95.11,3.435,59.68
2017-06-21 01:00:00,-5.51,94.92500000000001,1.75,85.13499999999999
2017-06-21 02:00:00,-6.725,93.62,0.635,65.1
2017-06-21 03:00:00,-7.76,96.475,0.9650000000000001,118.22
2017-06-21 04:00:00,-7.12,97.16499999999999,1.0950000000000002,94.775
2017-06-21 05:00:00,-6.164999999999999,96.41499999999999,0.72,332.77
2017-06-21 06:00:00,-6.234999999999999,94.935,0.845,192.155
2017-06-21 07:00:00,-5.195,93.22,0.61,130.61
2017-06-21 08:00:00,-3.1550000000000002,88.15,0.835,29.96
2017-06-21 09:00:00,-3.0549999999999997,92.575,2.16,17.4
2017-06-21 10:00:00,-2.91,93.86,3.1399999999999997,27.885
2017-06-21 11:00:00,-2.505,93.63,3.695,17.81
2017-06-21 12:00:00,-2.125,91.765,3.295,10.555
2017-06-21 13:00:00,-2.02,91.06,3.0549999999999997,17.015
2017-06-21 14:00:00,-1.6800000000000002,90.45,3.035,23.15
2017-06-21 15:00:00,-1.585,92.065,3.035,15.91
2017-06-21 16:00:00,-1.385,89.895,3.4,37.97
2017-06-21 17:00:00,-1.1099999999999999,88.65,3.2800000000000002,42.035
2017-06-21 18:00:00,-0.735,85.375,3.6399999999999997,68.28999999999999
2017-06-21 19:00:00,-0.815,84.61,3.355,70.98
2017-06-21 20:00:00,-0.6799999999999999,86.37,3.8150000000000004,53.644999999999996
2017-06-21 21:00:00,-0.75,86.89,3.5549999999999997,56.97
2017-06-21 22:00:00,-1.48,89.525,2.535,47.86
2017-06-21 23:00:00,-2.48,91.145,2.3449999999999998,58.39
2017-06-22 00:00:00,-3.455,91.46000000000001,2.29,57.394999999999996
2017-06-22 01:00:00,-3.7800000000000002,91.17,1.725,55.285
2017-06-22 02:00:00,-3.9000000000000004,89.41999999999999,1.21,67.34
2017-06-22 03:00:00,-6.49,93.795,2.36,155.44
2017-06-22 04:00:00,-6.61,94.235,3.285,169.475
2017-06-22 05:00:00,-6.815,93.495,3.5650000000000004,167.185
2017-06-22 06:00:00,-6.15,88.16,4.475,168.28500000000003
2017-06-22 07:00:00,-5.640000000000001,85.96000000000001,4.835,165.52499999999998
2017-06-22 08:00:00,-4.765000000000001,83.905,4.735,177.78
2017-06-22 09:00:00,-3.8149999999999995,82.465,4.845,180.0
2017-06-22 10:00:00,-3.185,84.08,5.65,181.3
2017-06-22 11:00:00,-2.66,86.18,5.045,189.975
2017-06-22 12:00:00,-1.405,85.2,4.529999999999999,202.065
2017-06-22 13:00:00,-0.97,86.295,4.220000000000001,207.9
2017-06-22 14:00:00,-0.075,86.785,3.61,206.45
2017-06-22 15:00:00,0.875,85.84,3.41,202.48
2017-06-22 16:00:00,0.645,88.96000000000001,4.335000000000001,202.64999999999998
2017-06-22 17:00:00,0.895,90.08500000000001,3.8449999999999998,208.89499999999998
2017-06-22 18:00:00,1.225,88.43,3.565,208.195
2017-06-22 19:00:00,1.3199999999999998,87.69999999999999,3.4749999999999996,205.785
2017-06-22 20:00:00,1.08,88.41999999999999,3.5300000000000002,193.845
2017-06-22 21:00:00,0.99,88.44,4.015,196.95999999999998
2017-06-22 22:00:00,0.875,87.78,4.25,187.3
2017-06-22 23:00:00,0.515,88.195,4.395,190.26
2017-06-23 00:00:00,-0.08499999999999999,89.755,4.48,191.06
2017-06-23 01:00:00,-1.6099999999999999,92.72,3.7350000000000003,173.86
2017-06-23 02:00:00,-2.4349999999999996,93.955,3.415,169.95499999999998
2017-06-23 03:00:00,0.52,90.13,4.265000000000001,198.68
2017-06-23 04:00:00,1.205,86.265,5.265000000000001,204.005
2017-06-23 05:00:00,1.095,85.955,4.835,201.60500000000002
2017-06-23 06:00:00,0.71,88.58,3.9799999999999995,174.66
2017-06-23 07:00:00,0.835,87.21000000000001,4.195,177.485
2017-06-23 08:00:00,1.3050000000000002,83.21000000000001,5.720000000000001,188.09
2017-06-23 09:00:00,1.32,83.805,6.055,189.34
2017-06-23 10:00:00,1.37,84.17,5.925000000000001,187.485
2017-06-23 11:00:00,1.335,83.88,6.42,187.32
2017-06-23 12:00:00,1.395,82.155,6.83,181.69
2017-06-23 13:00:00,1.4249999999999998,80.715,6.789999999999999,172.0
2017-06-23 14:00:00,1.52,81.76,5.645,165.365
2017-06-23 15:00:00,1.725,81.555,4.47,174.11
2017-06-23 16:00:00,1.385,83.71000000000001,4.05,157.32
2017-06-23 17:00:00,1.295,84.995,3.77,161.39999999999998
2017-06-23 18:00:00,1.3399999999999999,83.37,4.109999999999999,166.565
2017-06-23 19:00:00,1.77,83.24000000000001,3.8950000000000005,179.73
2017-06-23 20:00:00,1.6400000000000001,85.525,4.255,189.29500000000002
2017-06-23 21:00:00,1.5150000000000001,86.58,4.605,190.07999999999998
2017-06-23 22:00:00,1.13,90.77000000000001,3.185,164.85500000000002
2017-06-23 23:00:00,1.25,90.14500000000001,4.13,176.51
2017-06-24 00:00:00,1.225,90.39500000000001,4.405,176.35000000000002
2017-06-24 01:00:00,0.735,92.61,3.6550000000000002,159.92000000000002
2017-06-24 02:00:00,0.275,90.725,4.655,166.34
2017-06-24 03:00:00,-0.5,90.94999999999999,4.67,166.02499999999998
2017-06-24 04:00:00,-1.0350000000000001,89.275,4.91,163.12
2017-06-24 05:00:00,-1.29,88.07,5.26,167.385
2017-06-24 06:00:00,-1.415,87.32,5.699999999999999,161.565
2017-06-24 07:00:00,-1.315,85.775,6.58,162.43
2017-06-24 08:00:00,-1.16,83.22,7.029999999999999,161.44
2017-06-24 09:00:00,-0.865,80.995,6.54,157.98000000000002
2017-06-24 10:00:00,-0.16,79.99000000000001,6.205,160.615
2017-06-24 11:00:00,0.74,82.16999999999999,5.925,165.11
2017-06-24 12:00:00,1.395,82.565,5.57,163.675
2017-06-24 13:00:00,2.015,80.14,5.595,171.465
2017-06-24 14:00:00,2.2,81.26,5.21,168.535
2017-06-24 15:00:00,2.785,78.63,5.725,185.10500000000002
2017-06-24 16:00:00,2.75,80.18,6.24,189.31
2017-06-24 17:00:00,3.015,80.97,6.08,184.825
2017-06-24 18:00:00,2.315,85.21000000000001,5.055,167.74
2017-06-24 19:00:00,2.3899999999999997,84.58000000000001,5.745,171.23000000000002
2017-06-24 20:00:00,2.075,86.63499999999999,5.1899999999999995,163.72
2017-06-24 21:00:00,1.9049999999999998,87.83,5.125,163.715
2017-06-24 22:00:00,1.805,88.305,5.04,161.445
2017-06-24 23:00:00,1.895,86.75999999999999,4.29,161.02
2017-06-25 00:00:00,1.745,87.50999999999999,4.27,159.99
2017-06-25 01:00:00,1.85,86.23,4.92,153.435
2017-06-25 02:00:00,1.24,86.82499999999999,5.705,158.385
2017-06-25 03:00:00,0.935,85.71000000000001,6.404999999999999,158.97
2017-06-25 04:00:00,1.2349999999999999,85.495,6.125,156.695
2017-06-25 05:00:00,1.43,83.055,6.59,161.735
2017-06-25 06:00:00,1.0150000000000001,82.605,6.265000000000001,157.755
2017-06-25 07:00:00,0.875,83.0,5.25,155.54000000000002
2017-06-25 08:00:00,1.2349999999999999,80.75,6.29,162.14
2017-06-25 09:00:00,1.7650000000000001,78.725,7.225,166.34
2017-06-25 10:00:00,2.3049999999999997,77.74000000000001,7.550000000000001,164.29
2017-06-25 11:00:00,2.6849999999999996,77.075,7.630000000000001,162.68
2017-06-25 12:00:00,2.96,76.055,7.03,162.805
2017-06-25 13:00:00,2.9349999999999996,77.82,6.035,156.125
2017-06-25 14:00:00,2.96,78.625,5.07,156.94
2017-06-25 15:00:00,3.13,78.66499999999999,5.58,157.935
2017-06-25 16:00:00,3.17,79.47,5.92,161.4
2017-06-25 17:00:00,3.11,80.39500000000001,6.425,162.76
2017-06-25 18:00:00,2.975,81.70500000000001,6.205,163.75
2017-06-25 19:00:00,3.0700000000000003,81.47,6.535,162.68
2017-06-25 20:00:00,2.96,82.435,6.8,163.375
2017-06-25 21:00:00,3.05,82.265,6.46,166.465
2017-06-25 22:00:00,2.815,83.41499999999999,6.515000000000001,160.285
2017-06-25 23:00:00,2.645,83.775,6.93,163.5
2017-06-26 00:00:00,2.515,83.13499999999999,7.055,165.39999999999998
2017-06-26 01:00:00,2.34,82.795,7.455,166.72
2017-06-26 02:00:00,2.235,83.13,6.965,162.10000000000002
2017-06-26 03:00:00,2.08,81.47999999999999,7.335000000000001,162.14
2017-06-26 04:00:00,1.705,79.445,7.745000000000001,163.21499999999997
2017-06-26 05:00:00,1.44,79.15,7.69,163.015
2017-06-26 06:00:00,1.785,77.935,7.52,169.405
2017-06-26 07:00:00,2.0,76.77000000000001,7.205,166.725
2017-06-26 08:00:00,2.3499999999999996,76.36500000000001,7.12,165.22
2017-06-26 09:00:00,2.58,76.46000000000001,7.08,163.18
2017-06-26 10:00:00,2.525,78.91499999999999,6.945,160.235
2017-06-26 11:00:00,2.5300000000000002,79.81,6.5,159.915
2017-06-26 12:00:00,2.795,78.625,8.05,156.41
2017-06-26 13:00:00,2.5949999999999998,81.03999999999999,7.38,161.39999999999998
2017-06-26 14:00:00,2.975,78.685,6.38,148.88
2017-06-26 15:00:00,3.56,75.75,4.83,164.72
2017-06-26 16:00:00,3.27,76.64,6.87,157.37
2017-06-26 17:00:00,3.23,77.44,7.285,149.755
2017-06-26 18:00:00,2.855,81.445,5.970000000000001,151.675
2017-06-26 19:00:00,3.075,80.92500000000001,5.3,160.86
2017-06-26 20:00:00,2.8499999999999996,81.925,5.449999999999999,158.29000000000002
2017-06-26 21:00:00,3.285,80.56,5.445,167.26
2017-06-26 22:00:00,2.91,82.515,5.779999999999999,167.665
2017-06-26 23:00:00,2.6399999999999997,83.345,5.29,166.185
2017-06-27 00:00:00,2.165,85.08,5.34,162.805
2017-06-27 01:00:00,1.525,87.285,4.99,160.78500000000003
2017-06-27 02:00:00,1.175,86.75,5.11,157.81
2017-06-27 03:00:00,0.99,85.545,5.355,157.51999999999998
2017-06-27 04:00:00,0.5449999999999999,85.25,6.055,158.68
2017-06-27 05:00:00,0.525,84.38,6.265,168.055
2017-06-27 06:00:00,0.165,83.795,5.5649999999999995,163.125
2017-06-27 07:00:00,0.175,82.49000000000001,6.105,162.805
2017-06-27 08:00:00,0.5,82.555,6.07,161.025
2017-06-27 09:00:00,1.03,81.91999999999999,5.62,161.44
2017-06-27 10:00:00,1.315,82.68,5.41,160.905
2017-06-27 11:00:00,1.67,82.65,5.125,161.03
2017-06-27 12:00:00,1.875,83.485,4.3149999999999995,162.14
2017-06-27 13:00:00,1.88,85.02,3.87,161.60500000000002
2017-06-27 14:00:00,1.96,85.33500000000001,3.455,161.73000000000002
2017-06-27 15:00:00,1.995,85.98,3.285,161.03
2017-06-27 16:00:00,2.09,85.855,2.88,158.635
2017-06-27 17:00:00,1.91,87.335,2.67,153.26
2017-06-27 18:00:00,1.935,87.53,2.44,146.59
2017-06-27 19:00:00,1.9849999999999999,87.13499999999999,3.025,150.275
2017-06-27 20:00:00,1.68,89.095,2.5949999999999998,147.865
2017-06-27 21:00:00,1.6600000000000001,88.78,2.33,148.59500000000003
2017-06-27 22:00:00,2.09,85.98,1.7650000000000001,173.55
2017-06-27 23:00:00,1.615,86.32499999999999,1.09,169.245
2017-06-28 00:00:00,-0.03499999999999999,93.46000000000001,2.385,162.385
2017-06-28 01:00:00,0.014999999999999986,94.94999999999999,2.3200000000000003,171.28
2017-06-28 02:00:00,-0.23,95.715,2.085,157.73
2017-06-28 03:00:00,0.15,96.355,2.115,162.065
2017-06-28 04:00:00,0.665,97.20500000000001,2.445,155.065
2017-06-28 05:00:00,0.775,97.54499999999999,2.63,165.015
2017-06-28 06:00:00,0.75,98.085,2.3899999999999997,160.82
2017-06-28 07:00:00,0.78,97.64500000000001,2.395,162.48
2017-06-28 08:00:00,0.865,96.685,2.4,177.39999999999998
2017-06-28 09:00:00,0.815,97.19,3.04,168.59
2017-06-28 10:00:00,1.19,95.725,2.77,169.785
2017-06-28 11:00:00,1.4649999999999999,94.465,2.42,173.28500000000003
2017-06-28 12:00:00,1.6,94.05000000000001,2.9050000000000002,185.865
2017-06-28 13:00:00,2.12,90.36500000000001,2.35,184.17000000000002
2017-06-28 14:00:00,2.0700000000000003,90.0,2.3449999999999998,171.135
2017-06-28 15:00:00,1.82,91.19,2.29,166.215
2017-06-28 16:00:00,2.005,90.045,2.255,168.33499999999998
2017-06-28 17:00:00,1.895,91.285,2.0999999999999996,160.53
2017-06-28 18:00:00,1.83,91.615,2.455,163.965
2017-06-28 19:00:00,1.375,93.57,2.4450000000000003,154.25
2017-06-28 20:00:00,1.255,93.885,2.2750000000000004,153.61
2017-06-28 21:00:00,1.26,93.33500000000001,2.485,159.79500000000002
2017-06-28 22:00:00,0.98,93.495,2.75,165.39499999999998
2017-06-28 23:00:00,0.295,94.85,2.5,158.1
2017-06-29 00:00:00,-0.64,95.74000000000001,2.24,154.135
2017-06-29 01:00:00,-1.3,96.185,2.24,159.79500000000002
2017-06-29 02:00:00,-2.03,96.6,2.4299999999999997,165.64499999999998
2017-06-29 03:00:00,-2.225,96.81,2.54,166.095
2017-06-29 04:00:00,-2.6950000000000003,97.10499999999999,1.865,162.70999999999998
2017-06-29 05:00:00,-2.7800000000000002,96.58,2.45,165.445
2017-06-29 06:00:00,-2.395,95.33000000000001,2.56,168.745
2017-06-29 07:00:00,-1.495,94.285,2.115,154.9
2017-06-29 08:00:00,1.27,90.77,1.29,214.36
2017-06-29 09:00:00,2.115,93.545,2.395,243.84500000000003
2017-06-29 10:00:00,2.34,93.61500000000001,2.025,220.575
2017-06-29 11:00:00,2.905,91.63,1.7650000000000001,213.38
2017-06-29 12:00:00,2.445,88.925,2.165,183.775
2017-06-29 13:00:00,2.62,88.145,1.9449999999999998,184.56
2017-06-29 14:00:00,2.265,89.565,1.77,168.06
2017-06-29 15:00:00,2.5300000000000002,88.49,1.405,158.58499999999998
2017-06-29 16:00:00,2.605,87.78999999999999,1.35,153.555
2017-06-29 17:00:00,3.27,83.88499999999999,0.655,134.365
2017-06-29 18:00:00,2.1799999999999997,88.18,1.545,156.625
2017-06-29 19:00:00,2.9,83.91499999999999,0.795,91.66
2017-06-29 20:00:00,1.72,89.38,1.3599999999999999,59.769999999999996
2017-06-29 21:00:00,0.88,94.22999999999999,1.94,63.334999999999994
2017-06-29 22:00:00,0.8300000000000001,93.91499999999999,1.83,34.81
2017-06-29 23:00:00,0.36500000000000005,94.08,1.675,27.12
2017-06-30 00:00:00,-0.635,99.02,2.94,83.53
2017-06-30 01:00:00,-0.075,96.9,2.075,102.225
2017-06-30 02:00:00,-0.22500000000000003,98.27,2.055,17.1
2017-06-30 03:00:00,0.21000000000000002,98.55000000000001,2.88,59.28
2017-06-30 04:00:00,0.16999999999999998,99.69,1.245,121.08
2017-06-30 05:00:00,0.295,99.87,0.8400000000000001,171.79
2017-06-30 06:00:00,0.175,100.0,0.96,249.73499999999999
2017-06-30 07:00:00,-0.05499999999999999,100.0,2.005,155.155
2017-06-30 08:00:00,-0.29,99.58500000000001,2.005,46.019999999999996
2017-06-30 09:00:00,-0.135,97.66,1.125,44.269999999999996
2017-06-30 10:00:00,1.005,93.955,0.255,171.60999999999999
2017-06-30 11:00:00,-0.05500000000000001,98.16,1.3250000000000002,305.33500000000004
2017-06-30 12:00:00,-0.39,98.77000000000001,1.9050000000000002,292.67
2017-06-30 13:00:00,0.335,92.425,0.945,343.81
2017-06-30 14:00:00,-0.42000000000000004,93.235,1.37,178.21
2017-06-30 15:00:00,-0.28,90.56,1.98,39.760000000000005
2017-06-30 16:00:00,0.11499999999999999,88.7,1.74,83.03
2017-06-30 17:00:00,0.605,87.69,1.63,111.025
2017-06-30 18:00:00,1.345,85.785,1.23,146.82
2017-06-30 19:00:00,0.535,89.81,1.905,140.28
2017-06-30 20:00:00,0.28,90.405,2.535,161.4
2017-06-30 21:00:00,0.165,90.05,2.1849999999999996,171.535
2017-06-30 22:00:00,0.07500000000000001,91.67,2.38,173.695
2017-06-30 23:00:00,0.09,91.655,2.37,180.675
2017-07-01 00:00:00,0.07500000000000001,90.83,2.52,207.26
2017-07-01 01:00:00,-0.07,92.375,2.99,215.79
2017-07-01 02:00:00,0.009999999999999995,93.55000000000001,3.705,197.77
2017-07-01 03:00:00,-0.14,93.65,3.645,192.075
2017-07-01 04:00:00,0.075,93.83500000000001,4.195,192.87
2017-07-01 05:00:00,0.135,93.91,4.01,204.465
2017-07-01 06:00:00,-0.05500000000000001,97.555,4.125,213.89999999999998
2017-07-01 07:00:00,-0.225,99.945,5.095000000000001,218.88
2017-07-01 08:00:00,-0.18,100.0,6.775,218.25
2017-07-01 09:00:00,-0.15500000000000003,100.0,7.445,214.815
2017-07-01 10:00:00,-0.175,100.0,7.165,226.85500000000002
2017-07-01 11:00:00,-0.17,99.995,5.35,247.935
2017-07-01 12:00:00,-0.62,99.315,4.615,265.79
2017-07-01 13:00:00,-0.88,97.745,3.63,276.93
2017-07-01 14:00:00,-0.385,97.46000000000001,3.0300000000000002,268.64
2017-07-01 15:00:00,-0.03,97.285,3.4299999999999997,248.51
2017-07-01 16:00:00,-0.715,97.73,3.6399999999999997,279.93
2017-07-01 17:00:00,-1.5550000000000002,97.52,3.54,295.695
2017-07-01 18:00:00,-2.07,97.52000000000001,3.21,318.255
2017-07-01 19:00:00,-3.02,97.355,2.4050000000000002,339.84
2017-07-01 20:00:00,-3.605,99.245,2.355,339.885
2017-07-01 21:00:00,-3.865,99.45,2.4699999999999998,340.17
2017-07-01 22:00:00,-3.995,98.805,0.34,340.17
2017-07-01 23:00:00,-4.27,97.36,0.535,340.17
2017-07-02 00:00:00,-5.23,96.235,0.88,340.17
2017-07-02 01:00:00,-6.88,96.875,1.98,340.295
2017-07-02 02:00:00,-6.345000000000001,97.575,1.355,340.17
2017-07-02 03:00:00,-5.720000000000001,98.52000000000001,0.435,340.17
2017-07-02 04:00:00,-5.855,98.345,0.95,340.17
2017-07-02 05:00:00,-5.529999999999999,98.725,0.365,340.17
2017-07-02 06:00:00,-5.925000000000001,98.845,1.115,340.17
2017-07-02 07:00:00,-5.95,98.63499999999999,0.74,340.005
2017-07-02 08:00:00,-5.984999999999999,98.4,2.37,339.72
2017-07-02 09:00:00,-5.9350000000000005,98.73,2.2350000000000003,339.6
2017-07-02 10:00:00,-5.04,98.315,0.635,339.72
2017-07-02 11:00:00,-4.015,97.34,0.855,339.84
2017-07-02 12:00:00,-4.285,96.655,3.9,234.8
2017-07-02 13:00:00,-4.225,95.88499999999999,5.385,209.13
2017-07-02 14:00:00,-4.065,96.63,5.5600000000000005,227.09
2017-07-02 15:00:00,-4.21,97.22999999999999,5.0600000000000005,256.065
2017-07-02 16:00:00,-3.9000000000000004,97.695,5.4,250.865
2017-07-02 17:00:00,-3.54,97.75,4.835,252.84500000000003
2017-07-02 18:00:00,-3.3,98.09,4.775,252.565
2017-07-02 19:00:00,-3.625,99.095,3.76,286.19
2017-07-02 20:00:00,-3.25,98.325,2.6,243.7
2017-07-02 21:00:00,-3.745,98.435,3.8150000000000004,248.485
2017-07-02 22:00:00,-4.1850000000000005,98.58500000000001,4.915,281.695
